task_id,household_id,device_id,energy_kwh,duration_min,start_time,end_time,earliest_start,latest_end,max_delay_min,comfort_class
ev_charger_level2_0,single_professional,ev_charger_level2,18.84,157,2024-01-01 03:10:00,2024-01-01 05:47:00,2024-01-01 03:10:00,2024-01-01 13:47:00,480,medium
electric_stove_1,single_professional,electric_stove,0.96,24,2024-01-01 18:10:00,2024-01-01 18:34:00,2024-01-01 18:10:00,2024-01-01 18:34:00,0,none
electric_stove_2,single_professional,electric_stove,0.88,22,2024-01-02 18:50:00,2024-01-02 19:12:00,2024-01-02 18:50:00,2024-01-02 19:12:00,0,none
electric_stove_3,single_professional,electric_stove,1.04,26,2024-01-02 23:20:00,2024-01-02 23:46:00,2024-01-02 23:20:00,2024-01-02 23:46:00,0,none
ev_charger_level2_4,single_professional,ev_charger_level2,22.32,186,2024-01-03 19:30:00,2024-01-03 22:36:00,2024-01-03 19:30:00,2024-01-04 06:36:00,480,medium
electric_stove_5,single_professional,electric_stove,0.84,21,2024-01-04 18:40:00,2024-01-04 19:01:00,2024-01-04 18:40:00,2024-01-04 19:01:00,0,none
electric_stove_6,single_professional,electric_stove,0.96,24,2024-01-04 23:10:00,2024-01-04 23:34:00,2024-01-04 23:10:00,2024-01-04 23:34:00,0,none
ev_charger_level2_7,single_professional,ev_charger_level2,24.12,201,2024-01-05 03:50:00,2024-01-05 07:11:00,2024-01-05 03:50:00,2024-01-05 15:11:00,480,medium
electric_stove_8,single_professional,electric_stove,0.92,23,2024-01-05 18:40:00,2024-01-05 19:03:00,2024-01-05 18:40:00,2024-01-05 19:03:00,0,none
ev_charger_level2_9,single_professional,ev_charger_level2,17.4,145,2024-01-06 03:10:00,2024-01-06 05:35:00,2024-01-06 03:10:00,2024-01-06 13:35:00,480,medium
washing_machine_10,single_professional,washing_machine,0.4833,58,2024-01-06 12:10:00,2024-01-06 13:08:00,2024-01-06 12:10:00,2024-01-06 19:08:00,360,low
electric_stove_11,single_professional,electric_stove,1.08,27,2024-01-06 18:30:00,2024-01-06 18:57:00,2024-01-06 18:30:00,2024-01-06 18:57:00,0,none
washing_machine_12,single_professional,washing_machine,0.4917,59,2024-01-07 09:40:00,2024-01-07 10:39:00,2024-01-07 09:40:00,2024-01-07 16:39:00,360,low
electric_stove_13,single_professional,electric_stove,0.8,20,2024-01-07 11:00:00,2024-01-07 11:20:00,2024-01-07 11:00:00,2024-01-07 11:20:00,0,none
ev_charger_level2_14,single_professional,ev_charger_level2,18.96,158,2024-01-08 03:30:00,2024-01-08 06:08:00,2024-01-08 03:30:00,2024-01-08 14:08:00,480,medium
electric_stove_15,single_professional,electric_stove,1.04,26,2024-01-08 18:00:00,2024-01-08 18:26:00,2024-01-08 18:00:00,2024-01-08 18:26:00,0,none
washing_machine_16,single_professional,washing_machine,0.575,69,2024-01-09 18:40:00,2024-01-09 19:49:00,2024-01-09 18:40:00,2024-01-10 01:49:00,360,low
electric_stove_17,single_professional,electric_stove,1.04,26,2024-01-10 18:40:00,2024-01-10 19:06:00,2024-01-10 18:40:00,2024-01-10 19:06:00,0,none
electric_stove_18,single_professional,electric_stove,1.04,26,2024-01-11 19:20:00,2024-01-11 19:46:00,2024-01-11 19:20:00,2024-01-11 19:46:00,0,none
electric_stove_19,single_professional,electric_stove,1.08,27,2024-01-12 18:20:00,2024-01-12 18:47:00,2024-01-12 18:20:00,2024-01-12 18:47:00,0,none
electric_stove_20,single_professional,electric_stove,0.92,23,2024-01-13 18:40:00,2024-01-13 19:03:00,2024-01-13 18:40:00,2024-01-13 19:03:00,0,none
washing_machine_21,single_professional,washing_machine,0.5333,64,2024-01-14 18:20:00,2024-01-14 19:24:00,2024-01-14 18:20:00,2024-01-15 01:24:00,360,low
electric_stove_22,single_professional,electric_stove,1.04,26,2024-01-15 18:30:00,2024-01-15 18:56:00,2024-01-15 18:30:00,2024-01-15 18:56:00,0,none
ev_charger_level2_23,single_professional,ev_charger_level2,23.76,198,2024-01-16 22:00:00,2024-01-17 01:18:00,2024-01-16 22:00:00,2024-01-17 09:18:00,480,medium
electric_stove_24,single_professional,electric_stove,0.96,24,2024-01-17 19:40:00,2024-01-17 20:04:00,2024-01-17 19:40:00,2024-01-17 20:04:00,0,none
washing_machine_25,single_professional,washing_machine,0.525,63,2024-01-18 18:00:00,2024-01-18 19:03:00,2024-01-18 18:00:00,2024-01-19 01:03:00,360,low
washing_machine_26,single_professional,washing_machine,0.5083,61,2024-01-18 21:20:00,2024-01-18 22:21:00,2024-01-18 21:20:00,2024-01-19 04:21:00,360,low
ev_charger_level2_27,single_professional,ev_charger_level2,23.16,193,2024-01-18 21:20:00,2024-01-19 00:33:00,2024-01-18 21:20:00,2024-01-19 08:33:00,480,medium
ev_charger_level2_28,single_professional,ev_charger_level2,15.36,128,2024-01-23 19:40:00,2024-01-23 21:48:00,2024-01-23 19:40:00,2024-01-24 05:48:00,480,medium
electric_stove_29,single_professional,electric_stove,0.84,21,2024-01-26 19:30:00,2024-01-26 19:51:00,2024-01-26 19:30:00,2024-01-26 19:51:00,0,none
electric_stove_30,single_professional,electric_stove,0.96,24,2024-01-26 23:20:00,2024-01-26 23:44:00,2024-01-26 23:20:00,2024-01-26 23:44:00,0,none
ev_charger_level2_31,single_professional,ev_charger_level2,18.96,158,2024-01-27 02:40:00,2024-01-27 05:18:00,2024-01-27 02:40:00,2024-01-27 13:18:00,480,medium
washing_machine_32,single_professional,washing_machine,0.5333,64,2024-01-27 11:10:00,2024-01-27 12:14:00,2024-01-27 11:10:00,2024-01-27 18:14:00,360,low
electric_stove_33,single_professional,electric_stove,0.92,23,2024-01-27 12:40:00,2024-01-27 13:03:00,2024-01-27 12:40:00,2024-01-27 13:03:00,0,none
electric_stove_34,single_professional,electric_stove,1.04,26,2024-01-27 18:50:00,2024-01-27 19:16:00,2024-01-27 18:50:00,2024-01-27 19:16:00,0,none
electric_stove_35,single_professional,electric_stove,0.84,21,2024-01-28 19:40:00,2024-01-28 20:01:00,2024-01-28 19:40:00,2024-01-28 20:01:00,0,none
electric_stove_36,single_professional,electric_stove,1.0,25,2024-01-29 19:30:00,2024-01-29 19:55:00,2024-01-29 19:30:00,2024-01-29 19:55:00,0,none
electric_stove_37,single_professional,electric_stove,1.0,25,2024-01-30 19:00:00,2024-01-30 19:25:00,2024-01-30 19:00:00,2024-01-30 19:25:00,0,none
washing_machine_38,single_professional,washing_machine,0.45,54,2024-01-31 18:00:00,2024-01-31 18:54:00,2024-01-31 18:00:00,2024-02-01 00:54:00,360,low
ev_charger_level2_39,single_professional,ev_charger_level2,25.32,211,2024-01-31 22:30:00,2024-02-01 02:01:00,2024-01-31 22:30:00,2024-02-01 10:01:00,480,medium
electric_stove_40,single_professional,electric_stove,1.0,25,2024-02-01 18:50:00,2024-02-01 19:15:00,2024-02-01 18:50:00,2024-02-01 19:15:00,0,none
electric_stove_41,single_professional,electric_stove,1.0,25,2024-02-02 19:50:00,2024-02-02 20:15:00,2024-02-02 19:50:00,2024-02-02 20:15:00,0,none
ev_charger_level2_42,single_professional,ev_charger_level2,22.32,186,2024-02-03 21:20:00,2024-02-04 00:26:00,2024-02-03 21:20:00,2024-02-04 08:26:00,480,medium
electric_stove_43,single_professional,electric_stove,1.08,27,2024-02-04 12:40:00,2024-02-04 13:07:00,2024-02-04 12:40:00,2024-02-04 13:07:00,0,none
electric_stove_44,single_professional,electric_stove,0.92,23,2024-02-04 19:20:00,2024-02-04 19:43:00,2024-02-04 19:20:00,2024-02-04 19:43:00,0,none
ev_charger_level2_45,single_professional,ev_charger_level2,22.32,186,2024-02-05 01:30:00,2024-02-05 04:36:00,2024-02-05 01:30:00,2024-02-05 12:36:00,480,medium
electric_stove_46,single_professional,electric_stove,0.88,22,2024-02-05 18:00:00,2024-02-05 18:22:00,2024-02-05 18:00:00,2024-02-05 18:22:00,0,none
electric_stove_47,single_professional,electric_stove,0.96,24,2024-02-05 19:40:00,2024-02-05 20:04:00,2024-02-05 19:40:00,2024-02-05 20:04:00,0,none
electric_stove_48,single_professional,electric_stove,1.12,28,2024-02-06 19:00:00,2024-02-06 19:28:00,2024-02-06 19:00:00,2024-02-06 19:28:00,0,none
electric_stove_49,single_professional,electric_stove,0.92,23,2024-02-09 18:50:00,2024-02-09 19:13:00,2024-02-09 18:50:00,2024-02-09 19:13:00,0,none
ev_charger_level2_50,single_professional,ev_charger_level2,21.84,182,2024-02-10 01:10:00,2024-02-10 04:12:00,2024-02-10 01:10:00,2024-02-10 12:12:00,480,medium
washing_machine_51,single_professional,washing_machine,0.4667,56,2024-02-10 10:20:00,2024-02-10 11:16:00,2024-02-10 10:20:00,2024-02-10 17:16:00,360,low
electric_stove_52,single_professional,electric_stove,0.96,24,2024-02-12 18:20:00,2024-02-12 18:44:00,2024-02-12 18:20:00,2024-02-12 18:44:00,0,none
electric_stove_53,single_professional,electric_stove,0.92,23,2024-02-12 19:50:00,2024-02-12 20:13:00,2024-02-12 19:50:00,2024-02-12 20:13:00,0,none
ev_charger_level2_54,single_professional,ev_charger_level2,19.56,163,2024-02-13 04:20:00,2024-02-13 07:03:00,2024-02-13 04:20:00,2024-02-13 15:03:00,480,medium
electric_stove_55,single_professional,electric_stove,1.2,30,2024-02-13 19:00:00,2024-02-13 19:30:00,2024-02-13 19:00:00,2024-02-13 19:30:00,0,none
electric_stove_56,single_professional,electric_stove,1.0,25,2024-02-14 18:10:00,2024-02-14 18:35:00,2024-02-14 18:10:00,2024-02-14 18:35:00,0,none
electric_stove_57,single_professional,electric_stove,1.0,25,2024-02-16 18:10:00,2024-02-16 18:35:00,2024-02-16 18:10:00,2024-02-16 18:35:00,0,none
electric_stove_58,single_professional,electric_stove,1.08,27,2024-02-16 19:50:00,2024-02-16 20:17:00,2024-02-16 19:50:00,2024-02-16 20:17:00,0,none
washing_machine_59,single_professional,washing_machine,0.5,60,2024-02-17 18:10:00,2024-02-17 19:10:00,2024-02-17 18:10:00,2024-02-18 01:10:00,360,low
washing_machine_60,single_professional,washing_machine,0.4667,56,2024-02-17 20:20:00,2024-02-17 21:16:00,2024-02-17 20:20:00,2024-02-18 03:16:00,360,low
ev_charger_level2_61,single_professional,ev_charger_level2,19.68,164,2024-02-18 01:30:00,2024-02-18 04:14:00,2024-02-18 01:30:00,2024-02-18 12:14:00,480,medium
electric_stove_62,single_professional,electric_stove,0.92,23,2024-02-18 12:30:00,2024-02-18 12:53:00,2024-02-18 12:30:00,2024-02-18 12:53:00,0,none
electric_stove_63,single_professional,electric_stove,1.12,28,2024-02-18 19:40:00,2024-02-18 20:08:00,2024-02-18 19:40:00,2024-02-18 20:08:00,0,none
electric_stove_64,single_professional,electric_stove,0.96,24,2024-02-19 18:40:00,2024-02-19 19:04:00,2024-02-19 18:40:00,2024-02-19 19:04:00,0,none
electric_stove_65,single_professional,electric_stove,0.88,22,2024-02-20 19:20:00,2024-02-20 19:42:00,2024-02-20 19:20:00,2024-02-20 19:42:00,0,none
washing_machine_66,single_professional,washing_machine,0.5417,65,2024-02-20 21:00:00,2024-02-20 22:05:00,2024-02-20 21:00:00,2024-02-21 04:05:00,360,low
electric_stove_67,single_professional,electric_stove,1.08,27,2024-02-20 23:20:00,2024-02-20 23:47:00,2024-02-20 23:20:00,2024-02-20 23:47:00,0,none
ev_charger_level2_68,single_professional,ev_charger_level2,21.48,179,2024-02-21 02:50:00,2024-02-21 05:49:00,2024-02-21 02:50:00,2024-02-21 13:49:00,480,medium
electric_stove_69,single_professional,electric_stove,0.96,24,2024-02-21 18:20:00,2024-02-21 18:44:00,2024-02-21 18:20:00,2024-02-21 18:44:00,0,none
electric_stove_70,single_professional,electric_stove,1.0,25,2024-02-21 19:50:00,2024-02-21 20:15:00,2024-02-21 19:50:00,2024-02-21 20:15:00,0,none
ev_charger_level2_71,single_professional,ev_charger_level2,20.4,170,2024-02-24 01:20:00,2024-02-24 04:10:00,2024-02-24 01:20:00,2024-02-24 12:10:00,480,medium
electric_stove_72,single_professional,electric_stove,1.12,28,2024-02-24 18:20:00,2024-02-24 18:48:00,2024-02-24 18:20:00,2024-02-24 18:48:00,0,none
washing_machine_73,single_professional,washing_machine,0.4417,53,2024-02-24 19:30:00,2024-02-24 20:23:00,2024-02-24 19:30:00,2024-02-25 02:23:00,360,low
washing_machine_74,single_professional,washing_machine,0.5167,62,2024-02-26 18:40:00,2024-02-26 19:42:00,2024-02-26 18:40:00,2024-02-27 01:42:00,360,low
electric_stove_75,single_professional,electric_stove,1.08,27,2024-02-27 18:20:00,2024-02-27 18:47:00,2024-02-27 18:20:00,2024-02-27 18:47:00,0,none
electric_stove_76,single_professional,electric_stove,1.16,29,2024-02-27 19:50:00,2024-02-27 20:19:00,2024-02-27 19:50:00,2024-02-27 20:19:00,0,none
ev_charger_level2_77,single_professional,ev_charger_level2,19.08,159,2024-02-28 02:20:00,2024-02-28 04:59:00,2024-02-28 02:20:00,2024-02-28 12:59:00,480,medium
electric_stove_78,single_professional,electric_stove,1.04,26,2024-03-01 19:30:00,2024-03-01 19:56:00,2024-03-01 19:30:00,2024-03-01 19:56:00,0,none
washing_machine_79,single_professional,washing_machine,0.4833,58,2024-03-02 18:10:00,2024-03-02 19:08:00,2024-03-02 18:10:00,2024-03-03 01:08:00,360,low
electric_stove_80,single_professional,electric_stove,0.84,21,2024-03-03 11:40:00,2024-03-03 12:01:00,2024-03-03 11:40:00,2024-03-03 12:01:00,0,none
electric_stove_81,single_professional,electric_stove,1.0,25,2024-03-03 18:30:00,2024-03-03 18:55:00,2024-03-03 18:30:00,2024-03-03 18:55:00,0,none
ev_charger_level2_82,single_professional,ev_charger_level2,21.72,181,2024-03-03 20:30:00,2024-03-03 23:31:00,2024-03-03 20:30:00,2024-03-04 07:31:00,480,medium
ev_charger_level2_83,single_professional,ev_charger_level2,18.84,157,2024-03-04 01:30:00,2024-03-04 04:07:00,2024-03-04 01:30:00,2024-03-04 12:07:00,480,medium
electric_stove_84,single_professional,electric_stove,1.04,26,2024-03-04 18:20:00,2024-03-04 18:46:00,2024-03-04 18:20:00,2024-03-04 18:46:00,0,none
electric_stove_85,single_professional,electric_stove,0.92,23,2024-03-05 18:10:00,2024-03-05 18:33:00,2024-03-05 18:10:00,2024-03-05 18:33:00,0,none
ev_charger_level2_86,single_professional,ev_charger_level2,18.6,155,2024-03-05 20:30:00,2024-03-05 23:05:00,2024-03-05 20:30:00,2024-03-06 07:05:00,480,medium
ev_charger_level2_87,single_professional,ev_charger_level2,22.2,185,2024-03-06 03:10:00,2024-03-06 06:15:00,2024-03-06 03:10:00,2024-03-06 14:15:00,480,medium
electric_stove_88,single_professional,electric_stove,0.88,22,2024-03-06 18:20:00,2024-03-06 18:42:00,2024-03-06 18:20:00,2024-03-06 18:42:00,0,none
electric_stove_89,single_professional,electric_stove,0.96,24,2024-03-09 11:40:00,2024-03-09 12:04:00,2024-03-09 11:40:00,2024-03-09 12:04:00,0,none
washing_machine_90,single_professional,washing_machine,0.55,66,2024-03-09 21:10:00,2024-03-09 22:16:00,2024-03-09 21:10:00,2024-03-10 04:16:00,360,low
ev_charger_level2_91,single_professional,ev_charger_level2,23.28,194,2024-03-10 19:40:00,2024-03-10 22:54:00,2024-03-10 19:40:00,2024-03-11 06:54:00,480,medium
ev_charger_level2_92,single_professional,ev_charger_level2,20.4,170,2024-03-11 03:10:00,2024-03-11 06:00:00,2024-03-11 03:10:00,2024-03-11 14:00:00,480,medium
electric_stove_93,single_professional,electric_stove,0.92,23,2024-03-12 19:10:00,2024-03-12 19:33:00,2024-03-12 19:10:00,2024-03-12 19:33:00,0,none
electric_stove_94,single_professional,electric_stove,0.96,24,2024-03-12 21:40:00,2024-03-12 22:04:00,2024-03-12 21:40:00,2024-03-12 22:04:00,0,none
ev_charger_level2_95,single_professional,ev_charger_level2,20.64,172,2024-03-13 01:50:00,2024-03-13 04:42:00,2024-03-13 01:50:00,2024-03-13 12:42:00,480,medium
electric_stove_96,single_professional,electric_stove,1.0,25,2024-03-14 18:00:00,2024-03-14 18:25:00,2024-03-14 18:00:00,2024-03-14 18:25:00,0,none
electric_stove_97,single_professional,electric_stove,1.04,26,2024-03-14 19:30:00,2024-03-14 19:56:00,2024-03-14 19:30:00,2024-03-14 19:56:00,0,none
ev_charger_level2_98,single_professional,ev_charger_level2,21.48,179,2024-03-15 20:20:00,2024-03-15 23:19:00,2024-03-15 20:20:00,2024-03-16 07:19:00,480,medium
electric_stove_99,single_professional,electric_stove,1.0,25,2024-03-16 12:20:00,2024-03-16 12:45:00,2024-03-16 12:20:00,2024-03-16 12:45:00,0,none
washing_machine_100,single_professional,washing_machine,0.5083,61,2024-03-17 12:50:00,2024-03-17 13:51:00,2024-03-17 12:50:00,2024-03-17 19:51:00,360,low
electric_stove_101,single_professional,electric_stove,0.64,16,2024-03-18 18:40:00,2024-03-18 18:56:00,2024-03-18 18:40:00,2024-03-18 18:56:00,0,none
electric_stove_102,single_professional,electric_stove,0.88,22,2024-03-18 20:50:00,2024-03-18 21:12:00,2024-03-18 20:50:00,2024-03-18 21:12:00,0,none
ev_charger_level2_103,single_professional,ev_charger_level2,20.88,174,2024-03-18 22:00:00,2024-03-19 00:54:00,2024-03-18 22:00:00,2024-03-19 08:54:00,480,medium
electric_stove_104,single_professional,electric_stove,1.12,28,2024-03-19 19:40:00,2024-03-19 20:08:00,2024-03-19 19:40:00,2024-03-19 20:08:00,0,none
washing_machine_105,single_professional,washing_machine,0.4417,53,2024-03-19 20:10:00,2024-03-19 21:03:00,2024-03-19 20:10:00,2024-03-20 03:03:00,360,low
electric_stove_106,single_professional,electric_stove,0.88,22,2024-03-19 22:50:00,2024-03-19 23:12:00,2024-03-19 22:50:00,2024-03-19 23:12:00,0,none
electric_stove_107,single_professional,electric_stove,1.12,28,2024-03-20 19:10:00,2024-03-20 19:38:00,2024-03-20 19:10:00,2024-03-20 19:38:00,0,none
electric_stove_108,single_professional,electric_stove,1.0,25,2024-03-20 22:20:00,2024-03-20 22:45:00,2024-03-20 22:20:00,2024-03-20 22:45:00,0,none
ev_charger_level2_109,single_professional,ev_charger_level2,20.52,171,2024-03-21 04:50:00,2024-03-21 07:41:00,2024-03-21 04:50:00,2024-03-21 15:41:00,480,medium
electric_stove_110,single_professional,electric_stove,1.04,26,2024-03-21 19:10:00,2024-03-21 19:36:00,2024-03-21 19:10:00,2024-03-21 19:36:00,0,none
electric_stove_111,single_professional,electric_stove,1.0,25,2024-03-22 19:50:00,2024-03-22 20:15:00,2024-03-22 19:50:00,2024-03-22 20:15:00,0,none
electric_stove_112,single_professional,electric_stove,0.8,20,2024-03-23 11:30:00,2024-03-23 11:50:00,2024-03-23 11:30:00,2024-03-23 11:50:00,0,none
washing_machine_113,single_professional,washing_machine,0.5417,65,2024-03-24 15:10:00,2024-03-24 16:15:00,2024-03-24 15:10:00,2024-03-24 22:15:00,360,low
ev_charger_level2_114,single_professional,ev_charger_level2,21.84,182,2024-03-24 19:10:00,2024-03-24 22:12:00,2024-03-24 19:10:00,2024-03-25 06:12:00,480,medium
ev_charger_level2_115,single_professional,ev_charger_level2,25.44,212,2024-03-25 03:50:00,2024-03-25 07:22:00,2024-03-25 03:50:00,2024-03-25 15:22:00,480,medium
ev_charger_level2_116,single_professional,ev_charger_level2,22.44,187,2024-03-28 22:40:00,2024-03-29 01:47:00,2024-03-28 22:40:00,2024-03-29 09:47:00,480,medium
electric_stove_117,single_professional,electric_stove,1.08,27,2024-03-29 19:30:00,2024-03-29 19:57:00,2024-03-29 19:30:00,2024-03-29 19:57:00,0,none
washing_machine_118,single_professional,washing_machine,0.475,57,2024-03-29 20:10:00,2024-03-29 21:07:00,2024-03-29 20:10:00,2024-03-30 03:07:00,360,low
electric_stove_119,single_professional,electric_stove,1.12,28,2024-03-29 22:20:00,2024-03-29 22:48:00,2024-03-29 22:20:00,2024-03-29 22:48:00,0,none
electric_stove_120,single_professional,electric_stove,0.96,24,2024-03-30 19:10:00,2024-03-30 19:34:00,2024-03-30 19:10:00,2024-03-30 19:34:00,0,none
electric_stove_121,single_professional,electric_stove,0.88,22,2024-03-30 21:10:00,2024-03-30 21:32:00,2024-03-30 21:10:00,2024-03-30 21:32:00,0,none
electric_stove_122,single_professional,electric_stove,0.92,23,2024-03-31 19:30:00,2024-03-31 19:53:00,2024-03-31 19:30:00,2024-03-31 19:53:00,0,none
electric_stove_123,single_professional,electric_stove,1.04,26,2024-03-31 22:00:00,2024-03-31 22:26:00,2024-03-31 22:00:00,2024-03-31 22:26:00,0,none
electric_stove_124,single_professional,electric_stove,1.0,25,2024-04-01 19:30:00,2024-04-01 19:55:00,2024-04-01 19:30:00,2024-04-01 19:55:00,0,none
ev_charger_level2_125,single_professional,ev_charger_level2,19.92,166,2024-04-03 04:30:00,2024-04-03 07:16:00,2024-04-03 04:30:00,2024-04-03 15:16:00,480,medium
washing_machine_126,single_professional,washing_machine,0.5417,65,2024-04-03 19:20:00,2024-04-03 20:25:00,2024-04-03 19:20:00,2024-04-04 02:25:00,360,low
ev_charger_level2_127,single_professional,ev_charger_level2,21.6,180,2024-04-04 02:20:00,2024-04-04 05:20:00,2024-04-04 02:20:00,2024-04-04 13:20:00,480,medium
electric_stove_128,single_professional,electric_stove,0.84,21,2024-04-04 18:40:00,2024-04-04 19:01:00,2024-04-04 18:40:00,2024-04-04 19:01:00,0,none
ev_charger_level2_129,single_professional,ev_charger_level2,21.12,176,2024-04-05 02:00:00,2024-04-05 04:56:00,2024-04-05 02:00:00,2024-04-05 12:56:00,480,medium
washing_machine_130,single_professional,washing_machine,0.525,63,2024-04-05 18:30:00,2024-04-05 19:33:00,2024-04-05 18:30:00,2024-04-06 01:33:00,360,low
electric_stove_131,single_professional,electric_stove,1.04,26,2024-04-06 12:30:00,2024-04-06 12:56:00,2024-04-06 12:30:00,2024-04-06 12:56:00,0,none
washing_machine_132,single_professional,washing_machine,0.5417,65,2024-04-06 17:40:00,2024-04-06 18:45:00,2024-04-06 17:40:00,2024-04-07 00:45:00,360,low
electric_stove_133,single_professional,electric_stove,1.08,27,2024-04-06 18:10:00,2024-04-06 18:37:00,2024-04-06 18:10:00,2024-04-06 18:37:00,0,none
ev_charger_level2_134,single_professional,ev_charger_level2,20.52,171,2024-04-08 00:20:00,2024-04-08 03:11:00,2024-04-08 00:20:00,2024-04-08 11:11:00,480,medium
electric_stove_135,single_professional,electric_stove,1.04,26,2024-04-08 18:20:00,2024-04-08 18:46:00,2024-04-08 18:20:00,2024-04-08 18:46:00,0,none
ev_charger_level2_136,single_professional,ev_charger_level2,21.84,182,2024-04-09 02:20:00,2024-04-09 05:22:00,2024-04-09 02:20:00,2024-04-09 13:22:00,480,medium
electric_stove_137,single_professional,electric_stove,1.0,25,2024-04-09 19:10:00,2024-04-09 19:35:00,2024-04-09 19:10:00,2024-04-09 19:35:00,0,none
washing_machine_138,single_professional,washing_machine,0.4167,50,2024-04-09 20:50:00,2024-04-09 21:40:00,2024-04-09 20:50:00,2024-04-10 03:40:00,360,low
electric_stove_139,single_professional,electric_stove,0.96,24,2024-04-11 19:40:00,2024-04-11 20:04:00,2024-04-11 19:40:00,2024-04-11 20:04:00,0,none
electric_stove_140,single_professional,electric_stove,1.12,28,2024-04-12 19:50:00,2024-04-12 20:18:00,2024-04-12 19:50:00,2024-04-12 20:18:00,0,none
electric_stove_141,single_professional,electric_stove,1.0,25,2024-04-13 12:00:00,2024-04-13 12:25:00,2024-04-13 12:00:00,2024-04-13 12:25:00,0,none
washing_machine_142,single_professional,washing_machine,0.55,66,2024-04-13 19:20:00,2024-04-13 20:26:00,2024-04-13 19:20:00,2024-04-14 02:26:00,360,low
ev_charger_level2_143,single_professional,ev_charger_level2,19.44,162,2024-04-13 20:40:00,2024-04-13 23:22:00,2024-04-13 20:40:00,2024-04-14 07:22:00,480,medium
electric_stove_144,single_professional,electric_stove,0.96,24,2024-04-15 19:40:00,2024-04-15 20:04:00,2024-04-15 19:40:00,2024-04-15 20:04:00,0,none
electric_stove_145,single_professional,electric_stove,1.0,25,2024-04-15 22:20:00,2024-04-15 22:45:00,2024-04-15 22:20:00,2024-04-15 22:45:00,0,none
ev_charger_level2_146,single_professional,ev_charger_level2,22.2,185,2024-04-16 05:20:00,2024-04-16 08:25:00,2024-04-16 05:20:00,2024-04-16 16:25:00,480,medium
electric_stove_147,single_professional,electric_stove,0.92,23,2024-04-17 19:40:00,2024-04-17 20:03:00,2024-04-17 19:40:00,2024-04-17 20:03:00,0,none
electric_stove_148,single_professional,electric_stove,1.08,27,2024-04-19 19:10:00,2024-04-19 19:37:00,2024-04-19 19:10:00,2024-04-19 19:37:00,0,none
washing_machine_149,single_professional,washing_machine,0.475,57,2024-04-20 12:50:00,2024-04-20 13:47:00,2024-04-20 12:50:00,2024-04-20 19:47:00,360,low
electric_stove_150,single_professional,electric_stove,0.8,20,2024-04-21 18:50:00,2024-04-21 19:10:00,2024-04-21 18:50:00,2024-04-21 19:10:00,0,none
washing_machine_151,single_professional,washing_machine,0.5417,65,2024-04-21 21:20:00,2024-04-21 22:25:00,2024-04-21 21:20:00,2024-04-22 04:25:00,360,low
ev_charger_level2_152,single_professional,ev_charger_level2,21.48,179,2024-04-21 22:30:00,2024-04-22 01:29:00,2024-04-21 22:30:00,2024-04-22 09:29:00,480,medium
electric_stove_153,single_professional,electric_stove,1.16,29,2024-04-22 19:30:00,2024-04-22 19:59:00,2024-04-22 19:30:00,2024-04-22 19:59:00,0,none
washing_machine_154,single_professional,washing_machine,0.5333,64,2024-04-24 20:10:00,2024-04-24 21:14:00,2024-04-24 20:10:00,2024-04-25 03:14:00,360,low
ev_charger_level2_155,single_professional,ev_charger_level2,22.2,185,2024-04-25 20:40:00,2024-04-25 23:45:00,2024-04-25 20:40:00,2024-04-26 07:45:00,480,medium
electric_stove_156,single_professional,electric_stove,0.92,23,2024-04-27 11:30:00,2024-04-27 11:53:00,2024-04-27 11:30:00,2024-04-27 11:53:00,0,none
washing_machine_157,single_professional,washing_machine,0.5417,65,2024-04-27 13:00:00,2024-04-27 14:05:00,2024-04-27 13:00:00,2024-04-27 20:05:00,360,low
ev_charger_level2_158,single_professional,ev_charger_level2,19.92,166,2024-04-28 03:40:00,2024-04-28 06:26:00,2024-04-28 03:40:00,2024-04-28 14:26:00,480,medium
electric_stove_159,single_professional,electric_stove,1.12,28,2024-04-28 11:40:00,2024-04-28 12:08:00,2024-04-28 11:40:00,2024-04-28 12:08:00,0,none
electric_stove_160,single_professional,electric_stove,0.96,24,2024-04-28 19:30:00,2024-04-28 19:54:00,2024-04-28 19:30:00,2024-04-28 19:54:00,0,none
electric_stove_161,single_professional,electric_stove,0.76,19,2024-04-30 18:20:00,2024-04-30 18:39:00,2024-04-30 18:20:00,2024-04-30 18:39:00,0,none
ev_charger_level2_162,single_professional,ev_charger_level2,18.48,154,2024-05-01 00:00:00,2024-05-01 02:34:00,2024-05-01 00:00:00,2024-05-01 10:34:00,480,medium
ev_charger_level2_163,single_professional,ev_charger_level2,21.84,182,2024-05-04 03:40:00,2024-05-04 06:42:00,2024-05-04 03:40:00,2024-05-04 14:42:00,480,medium
electric_stove_164,single_professional,electric_stove,0.88,22,2024-05-04 11:00:00,2024-05-04 11:22:00,2024-05-04 11:00:00,2024-05-04 11:22:00,0,none
washing_machine_165,single_professional,washing_machine,0.5167,62,2024-05-04 15:50:00,2024-05-04 16:52:00,2024-05-04 15:50:00,2024-05-04 22:52:00,360,low
washing_machine_166,single_professional,washing_machine,0.5,60,2024-05-04 20:30:00,2024-05-04 21:30:00,2024-05-04 20:30:00,2024-05-05 03:30:00,360,low
electric_stove_167,single_professional,electric_stove,1.04,26,2024-05-06 19:50:00,2024-05-06 20:16:00,2024-05-06 19:50:00,2024-05-06 20:16:00,0,none
electric_stove_168,single_professional,electric_stove,0.88,22,2024-05-07 18:00:00,2024-05-07 18:22:00,2024-05-07 18:00:00,2024-05-07 18:22:00,0,none
electric_stove_169,single_professional,electric_stove,0.84,21,2024-05-07 19:40:00,2024-05-07 20:01:00,2024-05-07 19:40:00,2024-05-07 20:01:00,0,none
ev_charger_level2_170,single_professional,ev_charger_level2,22.56,188,2024-05-08 02:50:00,2024-05-08 05:58:00,2024-05-08 02:50:00,2024-05-08 13:58:00,480,medium
ev_charger_level2_171,single_professional,ev_charger_level2,20.04,167,2024-05-09 21:10:00,2024-05-09 23:57:00,2024-05-09 21:10:00,2024-05-10 07:57:00,480,medium
ev_charger_level2_172,single_professional,ev_charger_level2,21.72,181,2024-05-10 02:40:00,2024-05-10 05:41:00,2024-05-10 02:40:00,2024-05-10 13:41:00,480,medium
electric_stove_173,single_professional,electric_stove,0.96,24,2024-05-10 18:10:00,2024-05-10 18:34:00,2024-05-10 18:10:00,2024-05-10 18:34:00,0,none
electric_stove_174,single_professional,electric_stove,1.16,29,2024-05-10 19:40:00,2024-05-10 20:09:00,2024-05-10 19:40:00,2024-05-10 20:09:00,0,none
ev_charger_level2_175,single_professional,ev_charger_level2,23.4,195,2024-05-11 05:10:00,2024-05-11 08:25:00,2024-05-11 05:10:00,2024-05-11 16:25:00,480,medium
washing_machine_176,single_professional,washing_machine,0.4833,58,2024-05-11 18:20:00,2024-05-11 19:18:00,2024-05-11 18:20:00,2024-05-12 01:18:00,360,low
washing_machine_177,single_professional,washing_machine,0.5167,62,2024-05-11 21:40:00,2024-05-11 22:42:00,2024-05-11 21:40:00,2024-05-12 04:42:00,360,low
electric_stove_178,single_professional,electric_stove,0.92,23,2024-05-12 18:40:00,2024-05-12 19:03:00,2024-05-12 18:40:00,2024-05-12 19:03:00,0,none
electric_stove_179,single_professional,electric_stove,1.04,26,2024-05-13 18:40:00,2024-05-13 19:06:00,2024-05-13 18:40:00,2024-05-13 19:06:00,0,none
electric_stove_180,single_professional,electric_stove,1.08,27,2024-05-14 18:00:00,2024-05-14 18:27:00,2024-05-14 18:00:00,2024-05-14 18:27:00,0,none
washing_machine_181,single_professional,washing_machine,0.55,66,2024-05-14 18:40:00,2024-05-14 19:46:00,2024-05-14 18:40:00,2024-05-15 01:46:00,360,low
electric_stove_182,single_professional,electric_stove,0.96,24,2024-05-14 19:40:00,2024-05-14 20:04:00,2024-05-14 19:40:00,2024-05-14 20:04:00,0,none
ev_charger_level2_183,single_professional,ev_charger_level2,20.64,172,2024-05-15 03:10:00,2024-05-15 06:02:00,2024-05-15 03:10:00,2024-05-15 14:02:00,480,medium
washing_machine_184,single_professional,washing_machine,0.4667,56,2024-05-17 18:20:00,2024-05-17 19:16:00,2024-05-17 18:20:00,2024-05-18 01:16:00,360,low
electric_stove_185,single_professional,electric_stove,0.96,24,2024-05-17 18:30:00,2024-05-17 18:54:00,2024-05-17 18:30:00,2024-05-17 18:54:00,0,none
washing_machine_186,single_professional,washing_machine,0.525,63,2024-05-17 21:30:00,2024-05-17 22:33:00,2024-05-17 21:30:00,2024-05-18 04:33:00,360,low
ev_charger_level2_187,single_professional,ev_charger_level2,20.76,173,2024-05-18 02:40:00,2024-05-18 05:33:00,2024-05-18 02:40:00,2024-05-18 13:33:00,480,medium
electric_stove_188,single_professional,electric_stove,1.0,25,2024-05-19 19:30:00,2024-05-19 19:55:00,2024-05-19 19:30:00,2024-05-19 19:55:00,0,none
electric_stove_189,single_professional,electric_stove,0.88,22,2024-05-20 18:20:00,2024-05-20 18:42:00,2024-05-20 18:20:00,2024-05-20 18:42:00,0,none
ev_charger_level2_190,single_professional,ev_charger_level2,22.44,187,2024-05-22 19:00:00,2024-05-22 22:07:00,2024-05-22 19:00:00,2024-05-23 06:07:00,480,medium
washing_machine_191,single_professional,washing_machine,0.5083,61,2024-05-23 20:40:00,2024-05-23 21:41:00,2024-05-23 20:40:00,2024-05-24 03:41:00,360,low
electric_stove_192,single_professional,electric_stove,1.04,26,2024-05-24 19:50:00,2024-05-24 20:16:00,2024-05-24 19:50:00,2024-05-24 20:16:00,0,none
ev_charger_level2_193,single_professional,ev_charger_level2,21.6,180,2024-05-24 21:40:00,2024-05-25 00:40:00,2024-05-24 21:40:00,2024-05-25 08:40:00,480,medium
electric_stove_194,single_professional,electric_stove,0.96,24,2024-05-25 19:00:00,2024-05-25 19:24:00,2024-05-25 19:00:00,2024-05-25 19:24:00,0,none
electric_stove_195,single_professional,electric_stove,1.12,28,2024-05-25 20:40:00,2024-05-25 21:08:00,2024-05-25 20:40:00,2024-05-25 21:08:00,0,none
washing_machine_196,single_professional,washing_machine,0.5667,68,2024-05-26 10:10:00,2024-05-26 11:18:00,2024-05-26 10:10:00,2024-05-26 17:18:00,360,low
electric_stove_197,single_professional,electric_stove,1.0,25,2024-05-27 18:10:00,2024-05-27 18:35:00,2024-05-27 18:10:00,2024-05-27 18:35:00,0,none
electric_stove_198,single_professional,electric_stove,0.92,23,2024-05-28 18:00:00,2024-05-28 18:23:00,2024-05-28 18:00:00,2024-05-28 18:23:00,0,none
ev_charger_level2_199,single_professional,ev_charger_level2,22.44,187,2024-05-29 00:00:00,2024-05-29 03:07:00,2024-05-29 00:00:00,2024-05-29 11:07:00,480,medium
electric_stove_200,single_professional,electric_stove,1.08,27,2024-05-29 18:10:00,2024-05-29 18:37:00,2024-05-29 18:10:00,2024-05-29 18:37:00,0,none
electric_stove_201,single_professional,electric_stove,0.92,23,2024-05-30 19:30:00,2024-05-30 19:53:00,2024-05-30 19:30:00,2024-05-30 19:53:00,0,none
electric_stove_202,single_professional,electric_stove,0.92,23,2024-05-31 18:00:00,2024-05-31 18:23:00,2024-05-31 18:00:00,2024-05-31 18:23:00,0,none
ev_charger_level2_203,single_professional,ev_charger_level2,21.12,176,2024-05-31 22:30:00,2024-06-01 01:26:00,2024-05-31 22:30:00,2024-06-01 09:26:00,480,medium
washing_machine_204,single_professional,washing_machine,0.475,57,2024-06-01 20:50:00,2024-06-01 21:47:00,2024-06-01 20:50:00,2024-06-02 03:47:00,360,low
washing_machine_205,single_professional,washing_machine,0.4833,58,2024-06-02 11:20:00,2024-06-02 12:18:00,2024-06-02 11:20:00,2024-06-02 18:18:00,360,low
ev_charger_level2_206,single_professional,ev_charger_level2,19.2,160,2024-06-02 20:10:00,2024-06-02 22:50:00,2024-06-02 20:10:00,2024-06-03 06:50:00,480,medium
ev_charger_level2_207,single_professional,ev_charger_level2,22.2,185,2024-06-03 04:40:00,2024-06-03 07:45:00,2024-06-03 04:40:00,2024-06-03 15:45:00,480,medium
electric_stove_208,single_professional,electric_stove,0.96,24,2024-06-03 18:40:00,2024-06-03 19:04:00,2024-06-03 18:40:00,2024-06-03 19:04:00,0,none
washing_machine_209,single_professional,washing_machine,0.425,51,2024-06-03 18:50:00,2024-06-03 19:41:00,2024-06-03 18:50:00,2024-06-04 01:41:00,360,low
ev_charger_level2_210,single_professional,ev_charger_level2,22.8,190,2024-06-04 19:40:00,2024-06-04 22:50:00,2024-06-04 19:40:00,2024-06-05 06:50:00,480,medium
ev_charger_level2_211,single_professional,ev_charger_level2,21.96,183,2024-06-06 19:10:00,2024-06-06 22:13:00,2024-06-06 19:10:00,2024-06-07 06:13:00,480,medium
washing_machine_212,single_professional,washing_machine,0.475,57,2024-06-08 19:30:00,2024-06-08 20:27:00,2024-06-08 19:30:00,2024-06-09 02:27:00,360,low
washing_machine_213,single_professional,washing_machine,0.4833,58,2024-06-09 17:40:00,2024-06-09 18:38:00,2024-06-09 17:40:00,2024-06-10 00:38:00,360,low
electric_stove_214,single_professional,electric_stove,0.92,23,2024-06-11 18:50:00,2024-06-11 19:13:00,2024-06-11 18:50:00,2024-06-11 19:13:00,0,none
ev_charger_level2_215,single_professional,ev_charger_level2,25.44,212,2024-06-11 19:40:00,2024-06-11 23:12:00,2024-06-11 19:40:00,2024-06-12 07:12:00,480,medium
electric_stove_216,single_professional,electric_stove,1.0,25,2024-06-13 19:20:00,2024-06-13 19:45:00,2024-06-13 19:20:00,2024-06-13 19:45:00,0,none
electric_stove_217,single_professional,electric_stove,1.04,26,2024-06-14 18:40:00,2024-06-14 19:06:00,2024-06-14 18:40:00,2024-06-14 19:06:00,0,none
electric_stove_218,single_professional,electric_stove,0.96,24,2024-06-14 23:10:00,2024-06-14 23:34:00,2024-06-14 23:10:00,2024-06-14 23:34:00,0,none
washing_machine_219,single_professional,washing_machine,0.5917,71,2024-06-15 17:40:00,2024-06-15 18:51:00,2024-06-15 17:40:00,2024-06-16 00:51:00,360,low
ev_charger_level2_220,single_professional,ev_charger_level2,20.88,174,2024-06-15 21:20:00,2024-06-16 00:14:00,2024-06-15 21:20:00,2024-06-16 08:14:00,480,medium
ev_charger_level2_221,single_professional,ev_charger_level2,22.32,186,2024-06-16 02:10:00,2024-06-16 05:16:00,2024-06-16 02:10:00,2024-06-16 13:16:00,480,medium
washing_machine_222,single_professional,washing_machine,0.4583,55,2024-06-16 11:20:00,2024-06-16 12:15:00,2024-06-16 11:20:00,2024-06-16 18:15:00,360,low
electric_stove_223,single_professional,electric_stove,1.04,26,2024-06-17 18:50:00,2024-06-17 19:16:00,2024-06-17 18:50:00,2024-06-17 19:16:00,0,none
electric_stove_224,single_professional,electric_stove,1.16,29,2024-06-20 18:40:00,2024-06-20 19:09:00,2024-06-20 18:40:00,2024-06-20 19:09:00,0,none
electric_stove_225,single_professional,electric_stove,0.88,22,2024-06-21 18:40:00,2024-06-21 19:02:00,2024-06-21 18:40:00,2024-06-21 19:02:00,0,none
washing_machine_226,single_professional,washing_machine,0.4,48,2024-06-22 18:20:00,2024-06-22 19:08:00,2024-06-22 18:20:00,2024-06-23 01:08:00,360,low
ev_charger_level2_227,single_professional,ev_charger_level2,16.92,141,2024-06-22 20:30:00,2024-06-22 22:51:00,2024-06-22 20:30:00,2024-06-23 06:51:00,480,medium
washing_machine_228,single_professional,washing_machine,0.4917,59,2024-06-23 09:00:00,2024-06-23 09:59:00,2024-06-23 09:00:00,2024-06-23 15:59:00,360,low
electric_stove_229,single_professional,electric_stove,0.92,23,2024-06-23 19:50:00,2024-06-23 20:13:00,2024-06-23 19:50:00,2024-06-23 20:13:00,0,none
electric_stove_230,single_professional,electric_stove,0.92,23,2024-06-24 18:00:00,2024-06-24 18:23:00,2024-06-24 18:00:00,2024-06-24 18:23:00,0,none
electric_stove_231,single_professional,electric_stove,1.04,26,2024-06-24 19:50:00,2024-06-24 20:16:00,2024-06-24 19:50:00,2024-06-24 20:16:00,0,none
washing_machine_232,single_professional,washing_machine,0.6167,74,2024-06-25 20:10:00,2024-06-25 21:24:00,2024-06-25 20:10:00,2024-06-26 03:24:00,360,low
electric_stove_233,single_professional,electric_stove,1.16,29,2024-06-26 19:50:00,2024-06-26 20:19:00,2024-06-26 19:50:00,2024-06-26 20:19:00,0,none
electric_stove_234,single_professional,electric_stove,1.04,26,2024-06-26 21:40:00,2024-06-26 22:06:00,2024-06-26 21:40:00,2024-06-26 22:06:00,0,none
ev_charger_level2_235,single_professional,ev_charger_level2,19.44,162,2024-06-27 19:00:00,2024-06-27 21:42:00,2024-06-27 19:00:00,2024-06-28 05:42:00,480,medium
washing_machine_236,single_professional,washing_machine,0.4833,58,2024-06-28 19:50:00,2024-06-28 20:48:00,2024-06-28 19:50:00,2024-06-29 02:48:00,360,low
ev_charger_level2_237,single_professional,ev_charger_level2,20.4,170,2024-06-29 02:50:00,2024-06-29 05:40:00,2024-06-29 02:50:00,2024-06-29 13:40:00,480,medium
ev_charger_level2_238,single_professional,ev_charger_level2,22.68,189,2024-07-01 03:50:00,2024-07-01 06:59:00,2024-07-01 03:50:00,2024-07-01 14:59:00,480,medium
electric_stove_239,single_professional,electric_stove,1.08,27,2024-07-01 19:50:00,2024-07-01 20:17:00,2024-07-01 19:50:00,2024-07-01 20:17:00,0,none
electric_stove_240,single_professional,electric_stove,1.08,27,2024-07-01 23:20:00,2024-07-01 23:47:00,2024-07-01 23:20:00,2024-07-01 23:47:00,0,none
ev_charger_level2_241,single_professional,ev_charger_level2,25.08,209,2024-07-02 04:20:00,2024-07-02 07:49:00,2024-07-02 04:20:00,2024-07-02 15:49:00,480,medium
washing_machine_242,single_professional,washing_machine,0.55,66,2024-07-03 18:40:00,2024-07-03 19:46:00,2024-07-03 18:40:00,2024-07-04 01:46:00,360,low
ev_charger_level2_243,single_professional,ev_charger_level2,20.88,174,2024-07-03 20:30:00,2024-07-03 23:24:00,2024-07-03 20:30:00,2024-07-04 07:24:00,480,medium
electric_stove_244,single_professional,electric_stove,1.0,25,2024-07-04 12:00:00,2024-07-04 12:25:00,2024-07-04 12:00:00,2024-07-04 12:25:00,0,none
washing_machine_245,single_professional,washing_machine,0.5333,64,2024-07-06 10:40:00,2024-07-06 11:44:00,2024-07-06 10:40:00,2024-07-06 17:44:00,360,low
electric_stove_246,single_professional,electric_stove,1.2,30,2024-07-06 12:00:00,2024-07-06 12:30:00,2024-07-06 12:00:00,2024-07-06 12:30:00,0,none
electric_stove_247,single_professional,electric_stove,0.92,23,2024-07-06 19:50:00,2024-07-06 20:13:00,2024-07-06 19:50:00,2024-07-06 20:13:00,0,none
electric_stove_248,single_professional,electric_stove,0.92,23,2024-07-07 18:40:00,2024-07-07 19:03:00,2024-07-07 18:40:00,2024-07-07 19:03:00,0,none
electric_stove_249,single_professional,electric_stove,1.12,28,2024-07-07 21:30:00,2024-07-07 21:58:00,2024-07-07 21:30:00,2024-07-07 21:58:00,0,none
electric_stove_250,single_professional,electric_stove,1.0,25,2024-07-08 19:20:00,2024-07-08 19:45:00,2024-07-08 19:20:00,2024-07-08 19:45:00,0,none
electric_stove_251,single_professional,electric_stove,1.04,26,2024-07-08 22:40:00,2024-07-08 23:06:00,2024-07-08 22:40:00,2024-07-08 23:06:00,0,none
electric_stove_252,single_professional,electric_stove,0.92,23,2024-07-09 19:20:00,2024-07-09 19:43:00,2024-07-09 19:20:00,2024-07-09 19:43:00,0,none
electric_stove_253,single_professional,electric_stove,0.96,24,2024-07-09 23:10:00,2024-07-09 23:34:00,2024-07-09 23:10:00,2024-07-09 23:34:00,0,none
ev_charger_level2_254,single_professional,ev_charger_level2,24.84,207,2024-07-10 05:40:00,2024-07-10 09:07:00,2024-07-10 05:40:00,2024-07-10 17:07:00,480,medium
electric_stove_255,single_professional,electric_stove,1.04,26,2024-07-10 18:10:00,2024-07-10 18:36:00,2024-07-10 18:10:00,2024-07-10 18:36:00,0,none
ev_charger_level2_256,single_professional,ev_charger_level2,22.2,185,2024-07-11 02:30:00,2024-07-11 05:35:00,2024-07-11 02:30:00,2024-07-11 13:35:00,480,medium
ev_charger_level2_257,single_professional,ev_charger_level2,19.56,163,2024-07-13 04:40:00,2024-07-13 07:23:00,2024-07-13 04:40:00,2024-07-13 15:23:00,480,medium
washing_machine_258,single_professional,washing_machine,0.45,54,2024-07-13 11:40:00,2024-07-13 12:34:00,2024-07-13 11:40:00,2024-07-13 18:34:00,360,low
washing_machine_259,single_professional,washing_machine,0.525,63,2024-07-13 17:10:00,2024-07-13 18:13:00,2024-07-13 17:10:00,2024-07-14 00:13:00,360,low
electric_stove_260,single_professional,electric_stove,1.2,30,2024-07-14 19:10:00,2024-07-14 19:40:00,2024-07-14 19:10:00,2024-07-14 19:40:00,0,none
ev_charger_level2_261,single_professional,ev_charger_level2,18.96,158,2024-07-14 19:20:00,2024-07-14 21:58:00,2024-07-14 19:20:00,2024-07-15 05:58:00,480,medium
electric_stove_262,single_professional,electric_stove,1.16,29,2024-07-14 21:30:00,2024-07-14 21:59:00,2024-07-14 21:30:00,2024-07-14 21:59:00,0,none
ev_charger_level2_263,single_professional,ev_charger_level2,20.52,171,2024-07-15 01:10:00,2024-07-15 04:01:00,2024-07-15 01:10:00,2024-07-15 12:01:00,480,medium
electric_stove_264,single_professional,electric_stove,1.08,27,2024-07-15 19:50:00,2024-07-15 20:17:00,2024-07-15 19:50:00,2024-07-15 20:17:00,0,none
electric_stove_265,single_professional,electric_stove,1.08,27,2024-07-15 22:30:00,2024-07-15 22:57:00,2024-07-15 22:30:00,2024-07-15 22:57:00,0,none
electric_stove_266,single_professional,electric_stove,1.0,25,2024-07-16 18:40:00,2024-07-16 19:05:00,2024-07-16 18:40:00,2024-07-16 19:05:00,0,none
ev_charger_level2_267,single_professional,ev_charger_level2,23.4,195,2024-07-16 19:30:00,2024-07-16 22:45:00,2024-07-16 19:30:00,2024-07-17 06:45:00,480,medium
washing_machine_268,single_professional,washing_machine,0.5833,70,2024-07-16 21:10:00,2024-07-16 22:20:00,2024-07-16 21:10:00,2024-07-17 04:20:00,360,low
electric_stove_269,single_professional,electric_stove,1.08,27,2024-07-16 21:20:00,2024-07-16 21:47:00,2024-07-16 21:20:00,2024-07-16 21:47:00,0,none
ev_charger_level2_270,single_professional,ev_charger_level2,22.8,190,2024-07-19 02:20:00,2024-07-19 05:30:00,2024-07-19 02:20:00,2024-07-19 13:30:00,480,medium
electric_stove_271,single_professional,electric_stove,0.96,24,2024-07-19 18:40:00,2024-07-19 19:04:00,2024-07-19 18:40:00,2024-07-19 19:04:00,0,none
washing_machine_272,single_professional,washing_machine,0.5,60,2024-07-20 19:40:00,2024-07-20 20:40:00,2024-07-20 19:40:00,2024-07-21 02:40:00,360,low
washing_machine_273,single_professional,washing_machine,0.5417,65,2024-07-21 20:10:00,2024-07-21 21:15:00,2024-07-21 20:10:00,2024-07-22 03:15:00,360,low
ev_charger_level2_274,single_professional,ev_charger_level2,18.6,155,2024-07-21 21:10:00,2024-07-21 23:45:00,2024-07-21 21:10:00,2024-07-22 07:45:00,480,medium
ev_charger_level2_275,single_professional,ev_charger_level2,18.72,156,2024-07-22 22:50:00,2024-07-23 01:26:00,2024-07-22 22:50:00,2024-07-23 09:26:00,480,medium
ev_charger_level2_276,single_professional,ev_charger_level2,23.76,198,2024-07-23 03:10:00,2024-07-23 06:28:00,2024-07-23 03:10:00,2024-07-23 14:28:00,480,medium
ev_charger_level2_277,single_professional,ev_charger_level2,25.68,214,2024-07-24 04:00:00,2024-07-24 07:34:00,2024-07-24 04:00:00,2024-07-24 15:34:00,480,medium
electric_stove_278,single_professional,electric_stove,0.88,22,2024-07-24 18:20:00,2024-07-24 18:42:00,2024-07-24 18:20:00,2024-07-24 18:42:00,0,none
washing_machine_279,single_professional,washing_machine,0.525,63,2024-07-26 21:50:00,2024-07-26 22:53:00,2024-07-26 21:50:00,2024-07-27 04:53:00,360,low
washing_machine_280,single_professional,washing_machine,0.45,54,2024-07-27 10:10:00,2024-07-27 11:04:00,2024-07-27 10:10:00,2024-07-27 17:04:00,360,low
ev_charger_level2_281,single_professional,ev_charger_level2,19.44,162,2024-07-30 21:10:00,2024-07-30 23:52:00,2024-07-30 21:10:00,2024-07-31 07:52:00,480,medium
washing_machine_282,single_professional,washing_machine,0.4917,59,2024-07-31 18:20:00,2024-07-31 19:19:00,2024-07-31 18:20:00,2024-08-01 01:19:00,360,low
electric_stove_283,single_professional,electric_stove,1.08,27,2024-07-31 18:40:00,2024-07-31 19:07:00,2024-07-31 18:40:00,2024-07-31 19:07:00,0,none
electric_stove_284,single_professional,electric_stove,0.92,23,2024-08-01 18:00:00,2024-08-01 18:23:00,2024-08-01 18:00:00,2024-08-01 18:23:00,0,none
ev_charger_level2_285,single_professional,ev_charger_level2,23.04,192,2024-08-02 04:10:00,2024-08-02 07:22:00,2024-08-02 04:10:00,2024-08-02 15:22:00,480,medium
electric_stove_286,single_professional,electric_stove,0.8,20,2024-08-03 12:30:00,2024-08-03 12:50:00,2024-08-03 12:30:00,2024-08-03 12:50:00,0,none
washing_machine_287,single_professional,washing_machine,0.475,57,2024-08-03 18:30:00,2024-08-03 19:27:00,2024-08-03 18:30:00,2024-08-04 01:27:00,360,low
ev_charger_level2_288,single_professional,ev_charger_level2,21.84,182,2024-08-04 04:20:00,2024-08-04 07:22:00,2024-08-04 04:20:00,2024-08-04 15:22:00,480,medium
electric_stove_289,single_professional,electric_stove,1.08,27,2024-08-04 11:40:00,2024-08-04 12:07:00,2024-08-04 11:40:00,2024-08-04 12:07:00,0,none
electric_stove_290,single_professional,electric_stove,1.0,25,2024-08-04 19:50:00,2024-08-04 20:15:00,2024-08-04 19:50:00,2024-08-04 20:15:00,0,none
electric_stove_291,single_professional,electric_stove,0.8,20,2024-08-05 18:30:00,2024-08-05 18:50:00,2024-08-05 18:30:00,2024-08-05 18:50:00,0,none
electric_stove_292,single_professional,electric_stove,0.96,24,2024-08-06 18:30:00,2024-08-06 18:54:00,2024-08-06 18:30:00,2024-08-06 18:54:00,0,none
electric_stove_293,single_professional,electric_stove,0.84,21,2024-08-09 18:10:00,2024-08-09 18:31:00,2024-08-09 18:10:00,2024-08-09 18:31:00,0,none
electric_stove_294,single_professional,electric_stove,1.0,25,2024-08-10 11:30:00,2024-08-10 11:55:00,2024-08-10 11:30:00,2024-08-10 11:55:00,0,none
washing_machine_295,single_professional,washing_machine,0.5667,68,2024-08-10 18:10:00,2024-08-10 19:18:00,2024-08-10 18:10:00,2024-08-11 01:18:00,360,low
electric_stove_296,single_professional,electric_stove,0.96,24,2024-08-10 18:50:00,2024-08-10 19:14:00,2024-08-10 18:50:00,2024-08-10 19:14:00,0,none
ev_charger_level2_297,single_professional,ev_charger_level2,16.68,139,2024-08-11 01:10:00,2024-08-11 03:29:00,2024-08-11 01:10:00,2024-08-11 11:29:00,480,medium
washing_machine_298,single_professional,washing_machine,0.625,75,2024-08-11 10:40:00,2024-08-11 11:55:00,2024-08-11 10:40:00,2024-08-11 17:55:00,360,low
electric_stove_299,single_professional,electric_stove,0.96,24,2024-08-11 12:10:00,2024-08-11 12:34:00,2024-08-11 12:10:00,2024-08-11 12:34:00,0,none
electric_stove_300,single_professional,electric_stove,0.96,24,2024-08-13 18:30:00,2024-08-13 18:54:00,2024-08-13 18:30:00,2024-08-13 18:54:00,0,none
electric_stove_301,single_professional,electric_stove,1.04,26,2024-08-13 22:00:00,2024-08-13 22:26:00,2024-08-13 22:00:00,2024-08-13 22:26:00,0,none
electric_stove_302,single_professional,electric_stove,0.92,23,2024-08-14 18:20:00,2024-08-14 18:43:00,2024-08-14 18:20:00,2024-08-14 18:43:00,0,none
electric_stove_303,single_professional,electric_stove,1.0,25,2024-08-14 19:40:00,2024-08-14 20:05:00,2024-08-14 19:40:00,2024-08-14 20:05:00,0,none
electric_stove_304,single_professional,electric_stove,0.84,21,2024-08-15 18:10:00,2024-08-15 18:31:00,2024-08-15 18:10:00,2024-08-15 18:31:00,0,none
electric_stove_305,single_professional,electric_stove,1.08,27,2024-08-15 19:50:00,2024-08-15 20:17:00,2024-08-15 19:50:00,2024-08-15 20:17:00,0,none
ev_charger_level2_306,single_professional,ev_charger_level2,23.4,195,2024-08-18 03:10:00,2024-08-18 06:25:00,2024-08-18 03:10:00,2024-08-18 14:25:00,480,medium
washing_machine_307,single_professional,washing_machine,0.4833,58,2024-08-18 12:00:00,2024-08-18 12:58:00,2024-08-18 12:00:00,2024-08-18 18:58:00,360,low
washing_machine_308,single_professional,washing_machine,0.425,51,2024-08-18 14:00:00,2024-08-18 14:51:00,2024-08-18 14:00:00,2024-08-18 20:51:00,360,low
electric_stove_309,single_professional,electric_stove,1.0,25,2024-08-18 18:30:00,2024-08-18 18:55:00,2024-08-18 18:30:00,2024-08-18 18:55:00,0,none
ev_charger_level2_310,single_professional,ev_charger_level2,19.56,163,2024-08-19 00:20:00,2024-08-19 03:03:00,2024-08-19 00:20:00,2024-08-19 11:03:00,480,medium
electric_stove_311,single_professional,electric_stove,0.84,21,2024-08-21 19:00:00,2024-08-21 19:21:00,2024-08-21 19:00:00,2024-08-21 19:21:00,0,none
washing_machine_312,single_professional,washing_machine,0.5083,61,2024-08-24 13:40:00,2024-08-24 14:41:00,2024-08-24 13:40:00,2024-08-24 20:41:00,360,low
electric_stove_313,single_professional,electric_stove,0.92,23,2024-08-24 18:20:00,2024-08-24 18:43:00,2024-08-24 18:20:00,2024-08-24 18:43:00,0,none
ev_charger_level2_314,single_professional,ev_charger_level2,23.04,192,2024-08-24 21:10:00,2024-08-25 00:22:00,2024-08-24 21:10:00,2024-08-25 08:22:00,480,medium
ev_charger_level2_315,single_professional,ev_charger_level2,20.64,172,2024-08-25 03:10:00,2024-08-25 06:02:00,2024-08-25 03:10:00,2024-08-25 14:02:00,480,medium
washing_machine_316,single_professional,washing_machine,0.5167,62,2024-08-25 12:30:00,2024-08-25 13:32:00,2024-08-25 12:30:00,2024-08-25 19:32:00,360,low
washing_machine_317,single_professional,washing_machine,0.4583,55,2024-08-25 20:50:00,2024-08-25 21:45:00,2024-08-25 20:50:00,2024-08-26 03:45:00,360,low
ev_charger_level2_318,single_professional,ev_charger_level2,19.56,163,2024-08-26 00:40:00,2024-08-26 03:23:00,2024-08-26 00:40:00,2024-08-26 11:23:00,480,medium
electric_stove_319,single_professional,electric_stove,1.0,25,2024-08-26 19:40:00,2024-08-26 20:05:00,2024-08-26 19:40:00,2024-08-26 20:05:00,0,none
electric_stove_320,single_professional,electric_stove,1.08,27,2024-08-27 19:40:00,2024-08-27 20:07:00,2024-08-27 19:40:00,2024-08-27 20:07:00,0,none
electric_stove_321,single_professional,electric_stove,1.08,27,2024-08-27 22:20:00,2024-08-27 22:47:00,2024-08-27 22:20:00,2024-08-27 22:47:00,0,none
electric_stove_322,single_professional,electric_stove,0.96,24,2024-08-29 19:10:00,2024-08-29 19:34:00,2024-08-29 19:10:00,2024-08-29 19:34:00,0,none
washing_machine_323,single_professional,washing_machine,0.5083,61,2024-08-29 19:50:00,2024-08-29 20:51:00,2024-08-29 19:50:00,2024-08-30 02:51:00,360,low
electric_stove_324,single_professional,electric_stove,0.96,24,2024-08-30 19:20:00,2024-08-30 19:44:00,2024-08-30 19:20:00,2024-08-30 19:44:00,0,none
electric_stove_325,single_professional,electric_stove,0.96,24,2024-08-31 11:30:00,2024-08-31 11:54:00,2024-08-31 11:30:00,2024-08-31 11:54:00,0,none
electric_stove_326,single_professional,electric_stove,0.96,24,2024-08-31 19:50:00,2024-08-31 20:14:00,2024-08-31 19:50:00,2024-08-31 20:14:00,0,none
ev_charger_level2_327,single_professional,ev_charger_level2,21.0,175,2024-08-31 20:00:00,2024-08-31 22:55:00,2024-08-31 20:00:00,2024-09-01 06:55:00,480,medium
ev_charger_level2_328,single_professional,ev_charger_level2,23.88,199,2024-09-01 04:20:00,2024-09-01 07:39:00,2024-09-01 04:20:00,2024-09-01 15:39:00,480,medium
washing_machine_329,single_professional,washing_machine,0.4583,55,2024-09-01 21:20:00,2024-09-01 22:15:00,2024-09-01 21:20:00,2024-09-02 04:15:00,360,low
ev_charger_level2_330,single_professional,ev_charger_level2,22.32,186,2024-09-02 01:20:00,2024-09-02 04:26:00,2024-09-02 01:20:00,2024-09-02 12:26:00,480,medium
electric_stove_331,single_professional,electric_stove,1.0,25,2024-09-02 18:00:00,2024-09-02 18:25:00,2024-09-02 18:00:00,2024-09-02 18:25:00,0,none
electric_stove_332,single_professional,electric_stove,1.08,27,2024-09-02 19:50:00,2024-09-02 20:17:00,2024-09-02 19:50:00,2024-09-02 20:17:00,0,none
electric_stove_333,single_professional,electric_stove,1.2,30,2024-09-04 18:00:00,2024-09-04 18:30:00,2024-09-04 18:00:00,2024-09-04 18:30:00,0,none
electric_stove_334,single_professional,electric_stove,1.0,25,2024-09-05 18:00:00,2024-09-05 18:25:00,2024-09-05 18:00:00,2024-09-05 18:25:00,0,none
electric_stove_335,single_professional,electric_stove,1.08,27,2024-09-05 19:50:00,2024-09-05 20:17:00,2024-09-05 19:50:00,2024-09-05 20:17:00,0,none
washing_machine_336,single_professional,washing_machine,0.4583,55,2024-09-06 20:20:00,2024-09-06 21:15:00,2024-09-06 20:20:00,2024-09-07 03:15:00,360,low
washing_machine_337,single_professional,washing_machine,0.5167,62,2024-09-07 10:00:00,2024-09-07 11:02:00,2024-09-07 10:00:00,2024-09-07 17:02:00,360,low
ev_charger_level2_338,single_professional,ev_charger_level2,23.28,194,2024-09-08 05:30:00,2024-09-08 08:44:00,2024-09-08 05:30:00,2024-09-08 16:44:00,480,medium
electric_stove_339,single_professional,electric_stove,0.68,17,2024-09-08 11:50:00,2024-09-08 12:07:00,2024-09-08 11:50:00,2024-09-08 12:07:00,0,none
washing_machine_340,single_professional,washing_machine,0.4417,53,2024-09-08 16:50:00,2024-09-08 17:43:00,2024-09-08 16:50:00,2024-09-08 23:43:00,360,low
electric_stove_341,single_professional,electric_stove,1.0,25,2024-09-09 18:10:00,2024-09-09 18:35:00,2024-09-09 18:10:00,2024-09-09 18:35:00,0,none
electric_stove_342,single_professional,electric_stove,0.92,23,2024-09-09 19:40:00,2024-09-09 20:03:00,2024-09-09 19:40:00,2024-09-09 20:03:00,0,none
ev_charger_level2_343,single_professional,ev_charger_level2,18.12,151,2024-09-09 20:00:00,2024-09-09 22:31:00,2024-09-09 20:00:00,2024-09-10 06:31:00,480,medium
electric_stove_344,single_professional,electric_stove,1.04,26,2024-09-10 19:50:00,2024-09-10 20:16:00,2024-09-10 19:50:00,2024-09-10 20:16:00,0,none
ev_charger_level2_345,single_professional,ev_charger_level2,23.28,194,2024-09-10 20:00:00,2024-09-10 23:14:00,2024-09-10 20:00:00,2024-09-11 07:14:00,480,medium
ev_charger_level2_346,single_professional,ev_charger_level2,19.68,164,2024-09-11 05:00:00,2024-09-11 07:44:00,2024-09-11 05:00:00,2024-09-11 15:44:00,480,medium
electric_stove_347,single_professional,electric_stove,1.08,27,2024-09-11 18:20:00,2024-09-11 18:47:00,2024-09-11 18:20:00,2024-09-11 18:47:00,0,none
ev_charger_level2_348,single_professional,ev_charger_level2,23.76,198,2024-09-12 02:00:00,2024-09-12 05:18:00,2024-09-12 02:00:00,2024-09-12 13:18:00,480,medium
washing_machine_349,single_professional,washing_machine,0.45,54,2024-09-14 09:20:00,2024-09-14 10:14:00,2024-09-14 09:20:00,2024-09-14 16:14:00,360,low
electric_stove_350,single_professional,electric_stove,0.96,24,2024-09-14 11:10:00,2024-09-14 11:34:00,2024-09-14 11:10:00,2024-09-14 11:34:00,0,none
washing_machine_351,single_professional,washing_machine,0.5583,67,2024-09-15 19:40:00,2024-09-15 20:47:00,2024-09-15 19:40:00,2024-09-16 02:47:00,360,low
ev_charger_level2_352,single_professional,ev_charger_level2,21.12,176,2024-09-17 03:10:00,2024-09-17 06:06:00,2024-09-17 03:10:00,2024-09-17 14:06:00,480,medium
ev_charger_level2_353,single_professional,ev_charger_level2,23.52,196,2024-09-19 19:00:00,2024-09-19 22:16:00,2024-09-19 19:00:00,2024-09-20 06:16:00,480,medium
electric_stove_354,single_professional,electric_stove,1.0,25,2024-09-20 19:00:00,2024-09-20 19:25:00,2024-09-20 19:00:00,2024-09-20 19:25:00,0,none
washing_machine_355,single_professional,washing_machine,0.4833,58,2024-09-20 19:10:00,2024-09-20 20:08:00,2024-09-20 19:10:00,2024-09-21 02:08:00,360,low
electric_stove_356,single_professional,electric_stove,1.24,31,2024-09-21 11:30:00,2024-09-21 12:01:00,2024-09-21 11:30:00,2024-09-21 12:01:00,0,none
washing_machine_357,single_professional,washing_machine,0.5417,65,2024-09-21 21:50:00,2024-09-21 22:55:00,2024-09-21 21:50:00,2024-09-22 04:55:00,360,low
electric_stove_358,single_professional,electric_stove,0.96,24,2024-09-22 12:30:00,2024-09-22 12:54:00,2024-09-22 12:30:00,2024-09-22 12:54:00,0,none
ev_charger_level2_359,single_professional,ev_charger_level2,21.36,178,2024-09-22 22:10:00,2024-09-23 01:08:00,2024-09-22 22:10:00,2024-09-23 09:08:00,480,medium
ev_charger_level2_360,single_professional,ev_charger_level2,24.0,200,2024-09-23 02:20:00,2024-09-23 05:40:00,2024-09-23 02:20:00,2024-09-23 13:40:00,480,medium
electric_stove_361,single_professional,electric_stove,0.92,23,2024-09-23 19:20:00,2024-09-23 19:43:00,2024-09-23 19:20:00,2024-09-23 19:43:00,0,none
electric_stove_362,single_professional,electric_stove,1.0,25,2024-09-24 19:10:00,2024-09-24 19:35:00,2024-09-24 19:10:00,2024-09-24 19:35:00,0,none
electric_stove_363,single_professional,electric_stove,1.12,28,2024-09-25 18:20:00,2024-09-25 18:48:00,2024-09-25 18:20:00,2024-09-25 18:48:00,0,none
ev_charger_level2_364,single_professional,ev_charger_level2,22.92,191,2024-09-26 19:10:00,2024-09-26 22:21:00,2024-09-26 19:10:00,2024-09-27 06:21:00,480,medium
electric_stove_365,single_professional,electric_stove,1.08,27,2024-09-27 18:20:00,2024-09-27 18:47:00,2024-09-27 18:20:00,2024-09-27 18:47:00,0,none
electric_stove_366,single_professional,electric_stove,0.96,24,2024-09-27 19:50:00,2024-09-27 20:14:00,2024-09-27 19:50:00,2024-09-27 20:14:00,0,none
washing_machine_367,single_professional,washing_machine,0.525,63,2024-09-28 17:20:00,2024-09-28 18:23:00,2024-09-28 17:20:00,2024-09-29 00:23:00,360,low
ev_charger_level2_368,single_professional,ev_charger_level2,22.08,184,2024-09-28 21:00:00,2024-09-29 00:04:00,2024-09-28 21:00:00,2024-09-29 08:04:00,480,medium
washing_machine_369,single_professional,washing_machine,0.525,63,2024-09-28 21:50:00,2024-09-28 22:53:00,2024-09-28 21:50:00,2024-09-29 04:53:00,360,low
electric_stove_370,single_professional,electric_stove,1.0,25,2024-09-29 12:10:00,2024-09-29 12:35:00,2024-09-29 12:10:00,2024-09-29 12:35:00,0,none
washing_machine_371,single_professional,washing_machine,0.5167,62,2024-09-30 19:10:00,2024-09-30 20:12:00,2024-09-30 19:10:00,2024-10-01 02:12:00,360,low
ev_charger_level2_372,single_professional,ev_charger_level2,27.36,228,2024-10-02 00:30:00,2024-10-02 04:18:00,2024-10-02 00:30:00,2024-10-02 12:18:00,480,medium
electric_stove_373,single_professional,electric_stove,1.0,25,2024-10-02 18:50:00,2024-10-02 19:15:00,2024-10-02 18:50:00,2024-10-02 19:15:00,0,none
electric_stove_374,single_professional,electric_stove,1.12,28,2024-10-02 21:40:00,2024-10-02 22:08:00,2024-10-02 21:40:00,2024-10-02 22:08:00,0,none
electric_stove_375,single_professional,electric_stove,0.96,24,2024-10-04 18:40:00,2024-10-04 19:04:00,2024-10-04 18:40:00,2024-10-04 19:04:00,0,none
washing_machine_376,single_professional,washing_machine,0.4417,53,2024-10-04 20:20:00,2024-10-04 21:13:00,2024-10-04 20:20:00,2024-10-05 03:13:00,360,low
ev_charger_level2_377,single_professional,ev_charger_level2,23.4,195,2024-10-05 01:10:00,2024-10-05 04:25:00,2024-10-05 01:10:00,2024-10-05 12:25:00,480,medium
electric_stove_378,single_professional,electric_stove,1.0,25,2024-10-05 18:40:00,2024-10-05 19:05:00,2024-10-05 18:40:00,2024-10-05 19:05:00,0,none
electric_stove_379,single_professional,electric_stove,0.88,22,2024-10-05 21:40:00,2024-10-05 22:02:00,2024-10-05 21:40:00,2024-10-05 22:02:00,0,none
washing_machine_380,single_professional,washing_machine,0.5333,64,2024-10-07 19:00:00,2024-10-07 20:04:00,2024-10-07 19:00:00,2024-10-08 02:04:00,360,low
ev_charger_level2_381,single_professional,ev_charger_level2,25.08,209,2024-10-09 03:50:00,2024-10-09 07:19:00,2024-10-09 03:50:00,2024-10-09 15:19:00,480,medium
electric_stove_382,single_professional,electric_stove,0.84,21,2024-10-09 19:10:00,2024-10-09 19:31:00,2024-10-09 19:10:00,2024-10-09 19:31:00,0,none
electric_stove_383,single_professional,electric_stove,0.8,20,2024-10-11 19:40:00,2024-10-11 20:00:00,2024-10-11 19:40:00,2024-10-11 20:00:00,0,none
ev_charger_level2_384,single_professional,ev_charger_level2,23.16,193,2024-10-11 19:40:00,2024-10-11 22:53:00,2024-10-11 19:40:00,2024-10-12 06:53:00,480,medium
washing_machine_385,single_professional,washing_machine,0.5167,62,2024-10-13 20:20:00,2024-10-13 21:22:00,2024-10-13 20:20:00,2024-10-14 03:22:00,360,low
electric_stove_386,single_professional,electric_stove,0.76,19,2024-10-14 19:10:00,2024-10-14 19:29:00,2024-10-14 19:10:00,2024-10-14 19:29:00,0,none
ev_charger_level2_387,single_professional,ev_charger_level2,18.12,151,2024-10-14 22:40:00,2024-10-15 01:11:00,2024-10-14 22:40:00,2024-10-15 09:11:00,480,medium
electric_stove_388,single_professional,electric_stove,1.12,28,2024-10-15 18:20:00,2024-10-15 18:48:00,2024-10-15 18:20:00,2024-10-15 18:48:00,0,none
ev_charger_level2_389,single_professional,ev_charger_level2,22.44,187,2024-10-16 01:40:00,2024-10-16 04:47:00,2024-10-16 01:40:00,2024-10-16 12:47:00,480,medium
electric_stove_390,single_professional,electric_stove,1.08,27,2024-10-16 18:20:00,2024-10-16 18:47:00,2024-10-16 18:20:00,2024-10-16 18:47:00,0,none
ev_charger_level2_391,single_professional,ev_charger_level2,21.84,182,2024-10-17 20:20:00,2024-10-17 23:22:00,2024-10-17 20:20:00,2024-10-18 07:22:00,480,medium
electric_stove_392,single_professional,electric_stove,0.92,23,2024-10-18 18:00:00,2024-10-18 18:23:00,2024-10-18 18:00:00,2024-10-18 18:23:00,0,none
washing_machine_393,single_professional,washing_machine,0.45,54,2024-10-20 09:30:00,2024-10-20 10:24:00,2024-10-20 09:30:00,2024-10-20 16:24:00,360,low
washing_machine_394,single_professional,washing_machine,0.4167,50,2024-10-20 17:50:00,2024-10-20 18:40:00,2024-10-20 17:50:00,2024-10-21 00:40:00,360,low
ev_charger_level2_395,single_professional,ev_charger_level2,16.8,140,2024-10-21 01:40:00,2024-10-21 04:00:00,2024-10-21 01:40:00,2024-10-21 12:00:00,480,medium
electric_stove_396,single_professional,electric_stove,1.08,27,2024-10-21 19:00:00,2024-10-21 19:27:00,2024-10-21 19:00:00,2024-10-21 19:27:00,0,none
ev_charger_level2_397,single_professional,ev_charger_level2,21.12,176,2024-10-22 19:10:00,2024-10-22 22:06:00,2024-10-22 19:10:00,2024-10-23 06:06:00,480,medium
electric_stove_398,single_professional,electric_stove,1.24,31,2024-10-23 18:10:00,2024-10-23 18:41:00,2024-10-23 18:10:00,2024-10-23 18:41:00,0,none
electric_stove_399,single_professional,electric_stove,1.12,28,2024-10-23 19:50:00,2024-10-23 20:18:00,2024-10-23 19:50:00,2024-10-23 20:18:00,0,none
washing_machine_400,single_professional,washing_machine,0.5417,65,2024-10-24 18:30:00,2024-10-24 19:35:00,2024-10-24 18:30:00,2024-10-25 01:35:00,360,low
electric_stove_401,single_professional,electric_stove,1.08,27,2024-10-24 19:00:00,2024-10-24 19:27:00,2024-10-24 19:00:00,2024-10-24 19:27:00,0,none
ev_charger_level2_402,single_professional,ev_charger_level2,22.92,191,2024-10-24 20:30:00,2024-10-24 23:41:00,2024-10-24 20:30:00,2024-10-25 07:41:00,480,medium
ev_charger_level2_403,single_professional,ev_charger_level2,20.64,172,2024-10-25 05:10:00,2024-10-25 08:02:00,2024-10-25 05:10:00,2024-10-25 16:02:00,480,medium
washing_machine_404,single_professional,washing_machine,0.5083,61,2024-10-26 11:00:00,2024-10-26 12:01:00,2024-10-26 11:00:00,2024-10-26 18:01:00,360,low
electric_stove_405,single_professional,electric_stove,0.96,24,2024-10-28 18:50:00,2024-10-28 19:14:00,2024-10-28 18:50:00,2024-10-28 19:14:00,0,none
electric_stove_406,single_professional,electric_stove,0.92,23,2024-10-28 22:20:00,2024-10-28 22:43:00,2024-10-28 22:20:00,2024-10-28 22:43:00,0,none
ev_charger_level2_407,single_professional,ev_charger_level2,18.24,152,2024-10-29 05:10:00,2024-10-29 07:42:00,2024-10-29 05:10:00,2024-10-29 15:42:00,480,medium
electric_stove_408,single_professional,electric_stove,0.96,24,2024-10-29 18:10:00,2024-10-29 18:34:00,2024-10-29 18:10:00,2024-10-29 18:34:00,0,none
washing_machine_409,single_professional,washing_machine,0.4417,53,2024-10-29 21:00:00,2024-10-29 21:53:00,2024-10-29 21:00:00,2024-10-30 03:53:00,360,low
electric_stove_410,single_professional,electric_stove,1.04,26,2024-11-02 19:30:00,2024-11-02 19:56:00,2024-11-02 19:30:00,2024-11-02 19:56:00,0,none
washing_machine_411,single_professional,washing_machine,0.5,60,2024-11-02 19:50:00,2024-11-02 20:50:00,2024-11-02 19:50:00,2024-11-03 02:50:00,360,low
electric_stove_412,single_professional,electric_stove,1.0,25,2024-11-02 23:20:00,2024-11-02 23:45:00,2024-11-02 23:20:00,2024-11-02 23:45:00,0,none
electric_stove_413,single_professional,electric_stove,1.0,25,2024-11-03 19:30:00,2024-11-03 19:55:00,2024-11-03 19:30:00,2024-11-03 19:55:00,0,none
ev_charger_level2_414,single_professional,ev_charger_level2,22.2,185,2024-11-04 22:20:00,2024-11-05 01:25:00,2024-11-04 22:20:00,2024-11-05 09:25:00,480,medium
electric_stove_415,single_professional,electric_stove,0.96,24,2024-11-05 18:50:00,2024-11-05 19:14:00,2024-11-05 18:50:00,2024-11-05 19:14:00,0,none
ev_charger_level2_416,single_professional,ev_charger_level2,20.88,174,2024-11-05 21:50:00,2024-11-06 00:44:00,2024-11-05 21:50:00,2024-11-06 08:44:00,480,medium
electric_stove_417,single_professional,electric_stove,1.0,25,2024-11-06 18:00:00,2024-11-06 18:25:00,2024-11-06 18:00:00,2024-11-06 18:25:00,0,none
ev_charger_level2_418,single_professional,ev_charger_level2,19.92,166,2024-11-07 20:00:00,2024-11-07 22:46:00,2024-11-07 20:00:00,2024-11-08 06:46:00,480,medium
washing_machine_419,single_professional,washing_machine,0.525,63,2024-11-09 18:30:00,2024-11-09 19:33:00,2024-11-09 18:30:00,2024-11-10 01:33:00,360,low
washing_machine_420,single_professional,washing_machine,0.425,51,2024-11-10 18:00:00,2024-11-10 18:51:00,2024-11-10 18:00:00,2024-11-11 00:51:00,360,low
electric_stove_421,single_professional,electric_stove,1.04,26,2024-11-11 19:50:00,2024-11-11 20:16:00,2024-11-11 19:50:00,2024-11-11 20:16:00,0,none
ev_charger_level2_422,single_professional,ev_charger_level2,19.92,166,2024-11-12 04:00:00,2024-11-12 06:46:00,2024-11-12 04:00:00,2024-11-12 14:46:00,480,medium
electric_stove_423,single_professional,electric_stove,1.04,26,2024-11-12 18:40:00,2024-11-12 19:06:00,2024-11-12 18:40:00,2024-11-12 19:06:00,0,none
electric_stove_424,single_professional,electric_stove,0.96,24,2024-11-12 22:10:00,2024-11-12 22:34:00,2024-11-12 22:10:00,2024-11-12 22:34:00,0,none
electric_stove_425,single_professional,electric_stove,1.0,25,2024-11-13 18:50:00,2024-11-13 19:15:00,2024-11-13 18:50:00,2024-11-13 19:15:00,0,none
electric_stove_426,single_professional,electric_stove,0.84,21,2024-11-13 21:10:00,2024-11-13 21:31:00,2024-11-13 21:10:00,2024-11-13 21:31:00,0,none
ev_charger_level2_427,single_professional,ev_charger_level2,19.8,165,2024-11-13 22:40:00,2024-11-14 01:25:00,2024-11-13 22:40:00,2024-11-14 09:25:00,480,medium
ev_charger_level2_428,single_professional,ev_charger_level2,21.96,183,2024-11-14 20:50:00,2024-11-14 23:53:00,2024-11-14 20:50:00,2024-11-15 07:53:00,480,medium
electric_stove_429,single_professional,electric_stove,0.92,23,2024-11-15 19:20:00,2024-11-15 19:43:00,2024-11-15 19:20:00,2024-11-15 19:43:00,0,none
electric_stove_430,single_professional,electric_stove,1.0,25,2024-11-15 22:10:00,2024-11-15 22:35:00,2024-11-15 22:10:00,2024-11-15 22:35:00,0,none
electric_stove_431,single_professional,electric_stove,0.84,21,2024-11-16 11:40:00,2024-11-16 12:01:00,2024-11-16 11:40:00,2024-11-16 12:01:00,0,none
ev_charger_level2_432,single_professional,ev_charger_level2,20.88,174,2024-11-17 01:00:00,2024-11-17 03:54:00,2024-11-17 01:00:00,2024-11-17 11:54:00,480,medium
washing_machine_433,single_professional,washing_machine,0.525,63,2024-11-17 19:30:00,2024-11-17 20:33:00,2024-11-17 19:30:00,2024-11-18 02:33:00,360,low
washing_machine_434,single_professional,washing_machine,0.6917,83,2024-11-17 23:00:00,2024-11-18 00:23:00,2024-11-17 23:00:00,2024-11-18 06:23:00,360,low
ev_charger_level2_435,single_professional,ev_charger_level2,17.64,147,2024-11-18 05:00:00,2024-11-18 07:27:00,2024-11-18 05:00:00,2024-11-18 15:27:00,480,medium
electric_stove_436,single_professional,electric_stove,1.12,28,2024-11-18 18:10:00,2024-11-18 18:38:00,2024-11-18 18:10:00,2024-11-18 18:38:00,0,none
ev_charger_level2_437,single_professional,ev_charger_level2,21.6,180,2024-11-21 21:40:00,2024-11-22 00:40:00,2024-11-21 21:40:00,2024-11-22 08:40:00,480,medium
electric_stove_438,single_professional,electric_stove,0.96,24,2024-11-22 18:30:00,2024-11-22 18:54:00,2024-11-22 18:30:00,2024-11-22 18:54:00,0,none
electric_stove_439,single_professional,electric_stove,1.04,26,2024-11-22 19:50:00,2024-11-22 20:16:00,2024-11-22 19:50:00,2024-11-22 20:16:00,0,none
electric_stove_440,single_professional,electric_stove,0.84,21,2024-11-23 11:00:00,2024-11-23 11:21:00,2024-11-23 11:00:00,2024-11-23 11:21:00,0,none
ev_charger_level2_441,single_professional,ev_charger_level2,20.04,167,2024-11-23 20:10:00,2024-11-23 22:57:00,2024-11-23 20:10:00,2024-11-24 06:57:00,480,medium
ev_charger_level2_442,single_professional,ev_charger_level2,18.24,152,2024-11-24 00:40:00,2024-11-24 03:12:00,2024-11-24 00:40:00,2024-11-24 11:12:00,480,medium
washing_machine_443,single_professional,washing_machine,0.55,66,2024-11-24 11:00:00,2024-11-24 12:06:00,2024-11-24 11:00:00,2024-11-24 18:06:00,360,low
electric_stove_444,single_professional,electric_stove,1.04,26,2024-11-24 12:20:00,2024-11-24 12:46:00,2024-11-24 12:20:00,2024-11-24 12:46:00,0,none
washing_machine_445,single_professional,washing_machine,0.4833,58,2024-11-24 14:50:00,2024-11-24 15:48:00,2024-11-24 14:50:00,2024-11-24 21:48:00,360,low
washing_machine_446,single_professional,washing_machine,0.5,60,2024-11-26 18:20:00,2024-11-26 19:20:00,2024-11-26 18:20:00,2024-11-27 01:20:00,360,low
electric_stove_447,single_professional,electric_stove,0.88,22,2024-11-26 18:50:00,2024-11-26 19:12:00,2024-11-26 18:50:00,2024-11-26 19:12:00,0,none
electric_stove_448,single_professional,electric_stove,1.2,30,2024-11-26 22:40:00,2024-11-26 23:10:00,2024-11-26 22:40:00,2024-11-26 23:10:00,0,none
electric_stove_449,single_professional,electric_stove,0.92,23,2024-11-27 18:00:00,2024-11-27 18:23:00,2024-11-27 18:00:00,2024-11-27 18:23:00,0,none
electric_stove_450,single_professional,electric_stove,1.0,25,2024-11-27 19:20:00,2024-11-27 19:45:00,2024-11-27 19:20:00,2024-11-27 19:45:00,0,none
electric_stove_451,single_professional,electric_stove,0.88,22,2024-11-30 12:30:00,2024-11-30 12:52:00,2024-11-30 12:30:00,2024-11-30 12:52:00,0,none
washing_machine_452,single_professional,washing_machine,0.475,57,2024-11-30 14:10:00,2024-11-30 15:07:00,2024-11-30 14:10:00,2024-11-30 21:07:00,360,low
electric_stove_453,single_professional,electric_stove,1.0,25,2024-11-30 18:50:00,2024-11-30 19:15:00,2024-11-30 18:50:00,2024-11-30 19:15:00,0,none
electric_stove_454,single_professional,electric_stove,0.96,24,2024-12-01 11:50:00,2024-12-01 12:14:00,2024-12-01 11:50:00,2024-12-01 12:14:00,0,none
ev_charger_level2_455,single_professional,ev_charger_level2,23.16,193,2024-12-01 21:40:00,2024-12-02 00:53:00,2024-12-01 21:40:00,2024-12-02 08:53:00,480,medium
ev_charger_level2_456,single_professional,ev_charger_level2,23.52,196,2024-12-02 19:40:00,2024-12-02 22:56:00,2024-12-02 19:40:00,2024-12-03 06:56:00,480,medium
electric_stove_457,single_professional,electric_stove,0.92,23,2024-12-02 19:50:00,2024-12-02 20:13:00,2024-12-02 19:50:00,2024-12-02 20:13:00,0,none
washing_machine_458,single_professional,washing_machine,0.475,57,2024-12-02 21:00:00,2024-12-02 21:57:00,2024-12-02 21:00:00,2024-12-03 03:57:00,360,low
electric_stove_459,single_professional,electric_stove,0.84,21,2024-12-02 22:00:00,2024-12-02 22:21:00,2024-12-02 22:00:00,2024-12-02 22:21:00,0,none
electric_stove_460,single_professional,electric_stove,1.04,26,2024-12-03 18:40:00,2024-12-03 19:06:00,2024-12-03 18:40:00,2024-12-03 19:06:00,0,none
ev_charger_level2_461,single_professional,ev_charger_level2,20.52,171,2024-12-04 19:00:00,2024-12-04 21:51:00,2024-12-04 19:00:00,2024-12-05 05:51:00,480,medium
electric_stove_462,single_professional,electric_stove,0.88,22,2024-12-05 18:30:00,2024-12-05 18:52:00,2024-12-05 18:30:00,2024-12-05 18:52:00,0,none
electric_stove_463,single_professional,electric_stove,0.96,24,2024-12-06 18:30:00,2024-12-06 18:54:00,2024-12-06 18:30:00,2024-12-06 18:54:00,0,none
electric_stove_464,single_professional,electric_stove,1.24,31,2024-12-06 19:50:00,2024-12-06 20:21:00,2024-12-06 19:50:00,2024-12-06 20:21:00,0,none
washing_machine_465,single_professional,washing_machine,0.4,48,2024-12-06 19:50:00,2024-12-06 20:38:00,2024-12-06 19:50:00,2024-12-07 02:38:00,360,low
ev_charger_level2_466,single_professional,ev_charger_level2,21.84,182,2024-12-07 01:20:00,2024-12-07 04:22:00,2024-12-07 01:20:00,2024-12-07 12:22:00,480,medium
washing_machine_467,single_professional,washing_machine,0.45,54,2024-12-07 11:50:00,2024-12-07 12:44:00,2024-12-07 11:50:00,2024-12-07 18:44:00,360,low
ev_charger_level2_468,single_professional,ev_charger_level2,25.08,209,2024-12-08 03:40:00,2024-12-08 07:09:00,2024-12-08 03:40:00,2024-12-08 15:09:00,480,medium
electric_stove_469,single_professional,electric_stove,0.84,21,2024-12-09 18:20:00,2024-12-09 18:41:00,2024-12-09 18:20:00,2024-12-09 18:41:00,0,none
electric_stove_470,single_professional,electric_stove,1.0,25,2024-12-09 19:50:00,2024-12-09 20:15:00,2024-12-09 19:50:00,2024-12-09 20:15:00,0,none
ev_charger_level2_471,single_professional,ev_charger_level2,20.52,171,2024-12-09 22:40:00,2024-12-10 01:31:00,2024-12-09 22:40:00,2024-12-10 09:31:00,480,medium
washing_machine_472,single_professional,washing_machine,0.4667,56,2024-12-10 20:10:00,2024-12-10 21:06:00,2024-12-10 20:10:00,2024-12-11 03:06:00,360,low
electric_stove_473,single_professional,electric_stove,0.96,24,2024-12-11 18:40:00,2024-12-11 19:04:00,2024-12-11 18:40:00,2024-12-11 19:04:00,0,none
ev_charger_level2_474,single_professional,ev_charger_level2,24.84,207,2024-12-11 21:50:00,2024-12-12 01:17:00,2024-12-11 21:50:00,2024-12-12 09:17:00,480,medium
ev_charger_level2_475,single_professional,ev_charger_level2,19.56,163,2024-12-12 02:40:00,2024-12-12 05:23:00,2024-12-12 02:40:00,2024-12-12 13:23:00,480,medium
electric_stove_476,single_professional,electric_stove,0.92,23,2024-12-12 19:10:00,2024-12-12 19:33:00,2024-12-12 19:10:00,2024-12-12 19:33:00,0,none
electric_stove_477,single_professional,electric_stove,0.88,22,2024-12-13 19:30:00,2024-12-13 19:52:00,2024-12-13 19:30:00,2024-12-13 19:52:00,0,none
washing_machine_478,single_professional,washing_machine,0.5,60,2024-12-13 20:50:00,2024-12-13 21:50:00,2024-12-13 20:50:00,2024-12-14 03:50:00,360,low
electric_stove_479,single_professional,electric_stove,0.96,24,2024-12-14 19:30:00,2024-12-14 19:54:00,2024-12-14 19:30:00,2024-12-14 19:54:00,0,none
washing_machine_480,single_professional,washing_machine,0.5,60,2024-12-14 21:40:00,2024-12-14 22:40:00,2024-12-14 21:40:00,2024-12-15 04:40:00,360,low
electric_stove_481,single_professional,electric_stove,0.92,23,2024-12-14 23:20:00,2024-12-14 23:43:00,2024-12-14 23:20:00,2024-12-14 23:43:00,0,none
electric_stove_482,single_professional,electric_stove,0.92,23,2024-12-15 11:30:00,2024-12-15 11:53:00,2024-12-15 11:30:00,2024-12-15 11:53:00,0,none
ev_charger_level2_483,single_professional,ev_charger_level2,21.96,183,2024-12-18 01:30:00,2024-12-18 04:33:00,2024-12-18 01:30:00,2024-12-18 12:33:00,480,medium
electric_stove_484,single_professional,electric_stove,0.96,24,2024-12-18 19:30:00,2024-12-18 19:54:00,2024-12-18 19:30:00,2024-12-18 19:54:00,0,none
electric_stove_485,single_professional,electric_stove,1.16,29,2024-12-18 23:10:00,2024-12-18 23:39:00,2024-12-18 23:10:00,2024-12-18 23:39:00,0,none
electric_stove_486,single_professional,electric_stove,1.16,29,2024-12-19 19:50:00,2024-12-19 20:19:00,2024-12-19 19:50:00,2024-12-19 20:19:00,0,none
ev_charger_level2_487,single_professional,ev_charger_level2,23.16,193,2024-12-19 21:20:00,2024-12-20 00:33:00,2024-12-19 21:20:00,2024-12-20 08:33:00,480,medium
ev_charger_level2_488,single_professional,ev_charger_level2,21.12,176,2024-12-20 04:10:00,2024-12-20 07:06:00,2024-12-20 04:10:00,2024-12-20 15:06:00,480,medium
electric_stove_489,single_professional,electric_stove,1.04,26,2024-12-20 19:30:00,2024-12-20 19:56:00,2024-12-20 19:30:00,2024-12-20 19:56:00,0,none
washing_machine_490,single_professional,washing_machine,0.4667,56,2024-12-21 12:00:00,2024-12-21 12:56:00,2024-12-21 12:00:00,2024-12-21 18:56:00,360,low
washing_machine_491,single_professional,washing_machine,0.525,63,2024-12-22 15:50:00,2024-12-22 16:53:00,2024-12-22 15:50:00,2024-12-22 22:53:00,360,low
electric_stove_492,single_professional,electric_stove,0.84,21,2024-12-22 18:50:00,2024-12-22 19:11:00,2024-12-22 18:50:00,2024-12-22 19:11:00,0,none
washing_machine_493,single_professional,washing_machine,0.55,66,2024-12-22 21:50:00,2024-12-22 22:56:00,2024-12-22 21:50:00,2024-12-23 04:56:00,360,low
ev_charger_level2_494,single_professional,ev_charger_level2,22.92,191,2024-12-23 02:50:00,2024-12-23 06:01:00,2024-12-23 02:50:00,2024-12-23 14:01:00,480,medium
washing_machine_495,single_professional,washing_machine,0.4583,55,2024-12-23 18:40:00,2024-12-23 19:35:00,2024-12-23 18:40:00,2024-12-24 01:35:00,360,low
electric_stove_496,single_professional,electric_stove,0.96,24,2024-12-24 18:10:00,2024-12-24 18:34:00,2024-12-24 18:10:00,2024-12-24 18:34:00,0,none
electric_stove_497,single_professional,electric_stove,0.88,22,2024-12-24 21:20:00,2024-12-24 21:42:00,2024-12-24 21:20:00,2024-12-24 21:42:00,0,none
washing_machine_498,single_professional,washing_machine,0.4083,49,2024-12-24 21:20:00,2024-12-24 22:09:00,2024-12-24 21:20:00,2024-12-25 04:09:00,360,low
electric_stove_499,single_professional,electric_stove,1.12,28,2024-12-26 19:30:00,2024-12-26 19:58:00,2024-12-26 19:30:00,2024-12-26 19:58:00,0,none
electric_stove_500,single_professional,electric_stove,0.92,23,2024-12-27 19:40:00,2024-12-27 20:03:00,2024-12-27 19:40:00,2024-12-27 20:03:00,0,none
electric_stove_501,single_professional,electric_stove,0.92,23,2024-12-29 12:50:00,2024-12-29 13:13:00,2024-12-29 12:50:00,2024-12-29 13:13:00,0,none
ev_charger_level2_502,single_professional,ev_charger_level2,19.08,159,2024-12-29 19:30:00,2024-12-29 22:09:00,2024-12-29 19:30:00,2024-12-30 06:09:00,480,medium
ev_charger_level2_503,single_professional,ev_charger_level2,27.36,228,2024-12-30 22:10:00,2024-12-31 01:58:00,2024-12-30 22:10:00,2024-12-31 09:58:00,480,medium
electric_stove_504,single_professional,electric_stove,1.12,28,2024-12-31 19:30:00,2024-12-31 19:58:00,2024-12-31 19:30:00,2024-12-31 19:58:00,0,none
electric_stove_505,single_professional,electric_stove,0.92,23,2024-12-31 21:50:00,2024-12-31 22:13:00,2024-12-31 21:50:00,2024-12-31 22:13:00,0,none
